STDR_YY_CD,STDR_QU_CD,TRDAR_SE_CD_NM,SVC_INDUTY_CD_NM,THSMON_SELNG_AMT
2013,1,골목상권,분식전문점,75433687.78836633
2013,1,골목상권,양식음식점,225435549.92682928
2013,1,골목상권,일식음식점,156264639.79054055
2013,1,골목상권,중식음식점,87858883.75301205
2013,1,골목상권,치킨전문점,84600780.41210374
2013,1,골목상권,커피·음료,103675941.0218281
2013,1,골목상권,패스트푸드점,97280426.70386267
2013,1,골목상권,한식음식점,778180138.6452261
2013,1,관광특구,분식전문점,3952016462.6666665
2013,1,관광특구,양식음식점,9210096884.333334
2013,1,관광특구,일식음식점,4171573881.8333335
2013,1,관광특구,중식음식점,2360074764.1666665
2013,1,관광특구,치킨전문점,1250988544.4
2013,1,관광특구,커피·음료,7790762931.5
2013,1,관광특구,패스트푸드점,2636219008.8333335
2013,1,관광특구,한식음식점,25566076208.5
2013,1,발달상권,분식전문점,689812396.5780591
2013,1,발달상권,양식음식점,1314446387.920398
2013,1,발달상권,일식음식점,928762982.7924528
2013,1,발달상권,중식음식점,418455856.03365386
2013,1,발달상권,치킨전문점,386949789.0277778
2013,1,발달상권,커피·음료,1207374520.7991803
2013,1,발달상권,패스트푸드점,497386332.23333335
2013,1,발달상권,한식음식점,5179732793.545455
2013,1,전통시장,분식전문점,90595891.20253165
2013,1,전통시장,양식음식점,229674073.3902439
2013,1,전통시장,일식음식점,151403240.0980392
2013,1,전통시장,중식음식점,67676441.1111111
2013,1,전통시장,치킨전문점,62697755.696078435
2013,1,전통시장,커피·음료,109422800.11340207
2013,1,전통시장,패스트푸드점,154862816.89855072
2013,1,전통시장,한식음식점,663446254.372549
2013,2,골목상권,분식전문점,87212542.47323601
2013,2,골목상권,양식음식점,238711808.42474917
2013,2,골목상권,일식음식점,166128603.8295082
2013,2,골목상권,중식음식점,88890743.76132931
2013,2,골목상권,치킨전문점,98017298.64957266
2013,2,골목상권,커피·음료,128281886.5596817
2013,2,골목상권,패스트푸드점,98545277.61914894
2013,2,골목상권,한식음식점,824355406.3507538
2013,2,관광특구,분식전문점,3941063000.6666665
2013,2,관광특구,양식음식점,8769375931.5
2013,2,관광특구,일식음식점,4120578075.1666665
2013,2,관광특구,중식음식점,2088843761.8333333
2013,2,관광특구,치킨전문점,1500234341.6
2013,2,관광특구,커피·음료,8807731080.833334
2013,2,관광특구,패스트푸드점,2232292492.0
2013,2,관광특구,한식음식점,25403072012.833332
2013,2,발달상권,분식전문점,728635019.7510549
2013,2,발달상권,양식음식점,1280269044.1921182
2013,2,발달상권,일식음식점,936897365.685446
2013,2,발달상권,중식음식점,382409780.9478673
2013,2,발달상권,치킨전문점,451113163.96153843
2013,2,발달상권,커피·음료,1385477489.9588478
2013,2,발달상권,패스트푸드점,498539109.40883976
2013,2,발달상권,한식음식점,5156354983.679842
2013,2,전통시장,분식전문점,100428533.4375
2013,2,전통시장,양식음식점,215748242.97674417
2013,2,전통시장,일식음식점,140970076.55769232
2013,2,전통시장,중식음식점,67326095.09876543
2013,2,전통시장,치킨전문점,73544001.98058252
2013,2,전통시장,커피·음료,123225891.17
2013,2,전통시장,패스트푸드점,147791757.55072463
2013,2,전통시장,한식음식점,686717851.5658537
2013,3,골목상권,분식전문점,87390689.4915459
2013,3,골목상권,양식음식점,238676777.03960395
2013,3,골목상권,일식음식점,142184080.3789809
2013,3,골목상권,중식음식점,93015598.09574468
2013,3,골목상권,치킨전문점,101731031.73617022
2013,3,골목상권,커피·음료,133545846.17493473
2013,3,골목상권,패스트푸드점,101123359.95735608
2013,3,골목상권,한식음식점,803476433.4889336
2013,3,관광특구,분식전문점,3854956433.6666665
2013,3,관광특구,양식음식점,9011537913.166666
2013,3,관광특구,일식음식점,3355332309.5
2013,3,관광특구,중식음식점,2169863327.6666665
2013,3,관광특구,치킨전문점,1542098509.2
2013,3,관광특구,커피·음료,9356057047.666666
2013,3,관광특구,패스트푸드점,2292919656.8333335
2013,3,관광특구,한식음식점,24930813547.833332
2013,3,발달상권,분식전문점,729400190.7838984
2013,3,발달상권,양식음식점,1301878080.0931373
2013,3,발달상권,일식음식점,858437642.1428572
2013,3,발달상권,중식음식점,386875549.43601894
2013,3,발달상권,치킨전문점,472481612.2722222
2013,3,발달상권,커피·음료,1479823332.7654321
2013,3,발달상권,패스트푸드점,530576930.0276243
2013,3,발달상권,한식음식점,5060959203.698413
2013,3,전통시장,분식전문점,105677208.16875
2013,3,전통시장,양식음식점,233910946.0
2013,3,전통시장,일식음식점,133492144.37254901
2013,3,전통시장,중식음식점,70480430.775
2013,3,전통시장,치킨전문점,77779110.0
2013,3,전통시장,커피·음료,129193236.20192307
2013,3,전통시장,패스트푸드점,150671008.45833334
2013,3,전통시장,한식음식점,680403849.245098
2013,4,골목상권,분식전문점,100239647.18644068
2013,4,골목상권,양식음식점,265848993.9514563
2013,4,골목상권,일식음식점,151838348.6873065
2013,4,골목상권,중식음식점,108993153.5795107
2013,4,골목상권,치킨전문점,108170253.58748221
2013,4,골목상권,커피·음료,129859293.26081425
2013,4,골목상권,패스트푸드점,112961194.59414226
2013,4,골목상권,한식음식점,883626369.7193159
2013,4,관광특구,분식전문점,4104700104.1666665
2013,4,관광특구,양식음식점,9895677755.166666
2013,4,관광특구,일식음식점,3578796206.5
2013,4,관광특구,중식음식점,2638511234.0
2013,4,관광특구,치킨전문점,1635235549.4
2013,4,관광특구,커피·음료,8910740615.666666
2013,4,관광특구,패스트푸드점,2299573549.0
2013,4,관광특구,한식음식점,28341773633.0
2013,4,발달상권,분식전문점,788135694.1476793
2013,4,발달상권,양식음식점,1395266200.2077296
2013,4,발달상권,일식음식점,914244751.8151659
2013,4,발달상권,중식음식점,466886279.3254717
2013,4,발달상권,치킨전문점,461998446.29281765
2013,4,발달상권,커피·음료,1440060642.322314
2013,4,발달상권,패스트푸드점,555046496.1758242
2013,4,발달상권,한식음식점,5750518310.772908
2013,4,전통시장,분식전문점,116403671.45679012
2013,4,전통시장,양식음식점,243890662.35714287
2013,4,전통시장,일식음식점,135494049.26923078
2013,4,전통시장,중식음식점,79490338.91025642
2013,4,전통시장,치킨전문점,77696337.00952381
2013,4,전통시장,커피·음료,124645150.91346154
2013,4,전통시장,패스트푸드점,161932308.9722222
2013,4,전통시장,한식음식점,742373960.9117647
2014,1,골목상권,분식전문점,96349113.27611044
2014,1,골목상권,양식음식점,217523622.00653595
2014,1,골목상권,일식음식점,144899186.90127388
2014,1,골목상권,중식음식점,100197685.66060606
2014,1,골목상권,치킨전문점,92245211.802521
2014,1,골목상권,커피·음료,121093445.41645886
2014,1,골목상권,패스트푸드점,106486531.57983193
2014,1,골목상권,한식음식점,800584080.667002
2014,1,관광특구,분식전문점,4211007964.3333335
2014,1,관광특구,양식음식점,8442642707.333333
2014,1,관광특구,일식음식점,3617923814.1666665
2014,1,관광특구,중식음식점,2335852333.3333335
2014,1,관광특구,치킨전문점,1267077991.2
2014,1,관광특구,커피·음료,9007743350.5
2014,1,관광특구,패스트푸드점,1608974506.8333333
2014,1,관광특구,한식음식점,24814231645.333332
2014,1,발달상권,분식전문점,782735366.7468355
2014,1,발달상권,양식음식점,1325789432.844221
2014,1,발달상권,일식음식점,911871952.2870814
2014,1,발달상권,중식음식점,429929762.3488372
2014,1,발달상권,치킨전문점,392386300.6813187
2014,1,발달상권,커피·음료,1444768388.7090163
2014,1,발달상권,패스트푸드점,480056608.85393256
2014,1,발달상권,한식음식점,5209669204.440476
2014,1,전통시장,분식전문점,109960935.74050634
2014,1,전통시장,양식음식점,264432053.78947368
2014,1,전통시장,일식음식점,134412877.89795917
2014,1,전통시장,중식음식점,75270610.72727273
2014,1,전통시장,치킨전문점,64837143.70535714
2014,1,전통시장,커피·음료,135152792.09708738
2014,1,전통시장,패스트푸드점,148846690.54166666
2014,1,전통시장,한식음식점,695782144.0696517
2014,2,골목상권,분식전문점,111534567.1800948
2014,2,골목상권,양식음식점,236202343.2971246
2014,2,골목상권,일식음식점,157429577.5015873
2014,2,골목상권,중식음식점,100734212.76011994
2014,2,골목상권,치킨전문점,110213705.8511822
2014,2,골목상권,커피·음료,150170920.0730816
2014,2,골목상권,패스트푸드점,109972773.59751037
2014,2,골목상권,한식음식점,854433339.8633165
2014,2,관광특구,분식전문점,4168246103.8333335
2014,2,관광특구,양식음식점,8754140283.5
2014,2,관광특구,일식음식점,3630600565.8333335
2014,2,관광특구,중식음식점,2263826214.0
2014,2,관광특구,치킨전문점,1450926995.2
2014,2,관광특구,커피·음료,10033213470.166666
2014,2,관광특구,패스트푸드점,1675405262.5
2014,2,관광특구,한식음식점,24784630026.833332
2014,2,발달상권,분식전문점,820014618.227848
2014,2,발달상권,양식음식점,1288383293.753769
2014,2,발달상권,일식음식점,911801645.7692307
2014,2,발달상권,중식음식점,416400553.69483566
2014,2,발달상권,치킨전문점,452585235.68108106
2014,2,발달상권,커피·음료,1594970137.1451614
2014,2,발달상권,패스트푸드점,484078851.55932206
2014,2,발달상권,한식음식점,5171952244.12253
2014,2,전통시장,분식전문점,123545991.32278481
2014,2,전통시장,양식음식점,250375055.64285713
2014,2,전통시장,일식음식점,132083086.7755102
2014,2,전통시장,중식음식점,70132126.9625
2014,2,전통시장,치킨전문점,81260220.0625
2014,2,전통시장,커피·음료,154914094.13207546
2014,2,전통시장,패스트푸드점,146717046.93243244
2014,2,전통시장,한식음식점,722110612.2745098
2014,3,골목상권,분식전문점,109236089.1586369
2014,3,골목상권,양식음식점,240040012.2820513
2014,3,골목상권,일식음식점,150791980.1362229
2014,3,골목상권,중식음식점,104665341.4155456
2014,3,골목상권,치킨전문점,112042264.19363762
2014,3,골목상권,커피·음료,152212650.09156626
2014,3,골목상권,패스트푸드점,110509002.24279836
2014,3,골목상권,한식음식점,855893291.8221105
2014,3,관광특구,분식전문점,4432819797.333333
2014,3,관광특구,양식음식점,8797213074.166666
2014,3,관광특구,일식음식점,3461802239.3333335
2014,3,관광특구,중식음식점,2315145288.1666665
2014,3,관광특구,치킨전문점,1371473026.6
2014,3,관광특구,커피·음료,10538194411.166666
2014,3,관광특구,패스트푸드점,1826127343.6666667
2014,3,관광특구,한식음식점,24211541324.333332
2014,3,발달상권,분식전문점,843405865.2184874
2014,3,발달상권,양식음식점,1312112694.745
2014,3,발달상권,일식음식점,897429718.7894737
2014,3,발달상권,중식음식점,437479810.1132075
2014,3,발달상권,치킨전문점,455455393.9144385
2014,3,발달상권,커피·음료,1716758405.2874494
2014,3,발달상권,패스트푸드점,501811593.08426964
2014,3,발달상권,한식음식점,5225324823.604743
2014,3,전통시장,분식전문점,126925081.09375
2014,3,전통시장,양식음식점,293845503.85365856
2014,3,전통시장,일식음식점,124534639.73076923
2014,3,전통시장,중식음식점,73610142.721519
2014,3,전통시장,치킨전문점,84729947.3245614
2014,3,전통시장,커피·음료,148598031.24545455
2014,3,전통시장,패스트푸드점,148422329.15068492
2014,3,전통시장,한식음식점,714853560.7044334
2014,4,골목상권,분식전문점,119660392.7116061
2014,4,골목상권,양식음식점,264658640.34726688
2014,4,골목상권,일식음식점,172236505.70336393
2014,4,골목상권,중식음식점,119658951.96246246
2014,4,골목상권,치킨전문점,115581561.20833333
2014,4,골목상권,커피·음료,144795502.6056338
2014,4,골목상권,패스트푸드점,127942539.8179959
2014,4,골목상권,한식음식점,938245014.0451807
2014,4,관광특구,분식전문점,5243249518.833333
2014,4,관광특구,양식음식점,10170403864.833334
2014,4,관광특구,일식음식점,4967451957.833333
2014,4,관광특구,중식음식점,2968420553.8333335
2014,4,관광특구,치킨전문점,1287177997.0
2014,4,관광특구,커피·음료,10186869031.833334
2014,4,관광특구,패스트푸드점,1957469319.3333333
2014,4,관광특구,한식음식점,28856171681.833332
2014,4,발달상권,분식전문점,907745002.8312236
2014,4,발달상권,양식음식점,1406572369.9748743
2014,4,발달상권,일식음식점,1018141792.4238095
2014,4,발달상권,중식음식점,515911344.48815167
2014,4,발달상권,치킨전문점,443952385.9945355
2014,4,발달상권,커피·음료,1621313995.9634147
2014,4,발달상권,패스트푸드점,507694537.20108694
2014,4,발달상권,한식음식점,5866153684.996047
2014,4,전통시장,분식전문점,137349126.42405063
2014,4,전통시장,양식음식점,293705028.3414634
2014,4,전통시장,일식음식점,175728874.50943395
2014,4,전통시장,중식음식점,78672507.1125
2014,4,전통시장,치킨전문점,90242855.51327434
2014,4,전통시장,커피·음료,146652220.78703704
2014,4,전통시장,패스트푸드점,149431654.44
2014,4,전통시장,한식음식점,781126672.6764706
2015,1,골목상권,분식전문점,105098834.10216346
2015,1,골목상권,양식음식점,230848272.16964287
2015,1,골목상권,일식음식점,153935725.7803468
2015,1,골목상권,중식음식점,116498643.93161094
2015,1,골목상권,치킨전문점,116867057.86789773
2015,1,골목상권,커피·음료,135220459.18117648
2015,1,골목상권,패스트푸드점,112781245.32862903
2015,1,골목상권,한식음식점,839757834.0413723
2015,1,관광특구,분식전문점,3763924853.3333335
2015,1,관광특구,양식음식점,9119249930.0
2015,1,관광특구,일식음식점,3410272121.0
2015,1,관광특구,중식음식점,2286970453.1666665
2015,1,관광특구,치킨전문점,1158904544.0
2015,1,관광특구,커피·음료,10004590535.666666
2015,1,관광특구,패스트푸드점,2043257326.6666667
2015,1,관광특구,한식음식점,25695236915.5
2015,1,발달상권,분식전문점,780486643.8791667
2015,1,발달상권,양식음식점,1288640912.0640395
2015,1,발달상권,일식음식점,892039984.3285714
2015,1,발달상권,중식음식점,465762330.57009345
2015,1,발달상권,치킨전문점,429154632.70108694
2015,1,발달상권,커피·음료,1495531020.5
2015,1,발달상권,패스트푸드점,516736476.27956986
2015,1,발달상권,한식음식점,5223260523.369047
2015,1,전통시장,분식전문점,121372326.45625
2015,1,전통시장,양식음식점,272625167.625
2015,1,전통시장,일식음식점,125565618.46428572
2015,1,전통시장,중식음식점,75699131.07228915
2015,1,전통시장,치킨전문점,82952230.14782609
2015,1,전통시장,커피·음료,136437790.4678899
2015,1,전통시장,패스트푸드점,138192663.2658228
2015,1,전통시장,한식음식점,733235245.2487805
2015,2,골목상권,분식전문점,118518174.55621302
2015,2,골목상권,양식음식점,246789698.65606937
2015,2,골목상권,일식음식점,155130671.92977527
2015,2,골목상권,중식음식점,122804552.71191554
2015,2,골목상권,치킨전문점,127046550.20224719
2015,2,골목상권,커피·음료,161678688.82359812
2015,2,골목상권,패스트푸드점,115265555.26574804
2015,2,골목상권,한식음식점,879829894.8519638
2015,2,관광특구,분식전문점,3435129440.0
2015,2,관광특구,양식음식점,8695687752.5
2015,2,관광특구,일식음식점,3242659030.8333335
2015,2,관광특구,중식음식점,2237319840.1666665
2015,2,관광특구,치킨전문점,1209596832.6666667
2015,2,관광특구,커피·음료,10495194434.666666
2015,2,관광특구,패스트푸드점,1896844635.0
2015,2,관광특구,한식음식점,24638417376.833332
2015,2,발달상권,분식전문점,793935995.7208333
2015,2,발달상권,양식음식점,1221544463.678218
2015,2,발달상권,일식음식점,843509256.9336493
2015,2,발달상권,중식음식점,464164894.9481132
2015,2,발달상권,치킨전문점,473066198.8406593
2015,2,발달상권,커피·음료,1616746822.9224489
2015,2,발달상권,패스트푸드점,516376160.87027025
2015,2,발달상권,한식음식점,5128207914.468254
2015,2,전통시장,분식전문점,126935976.09433962
2015,2,전통시장,양식음식점,258746644.425
2015,2,전통시장,일식음식점,117780423.56140351
2015,2,전통시장,중식음식점,72991473.54761904
2015,2,전통시장,치킨전문점,92978995.45689656
2015,2,전통시장,커피·음료,140150845.42982456
2015,2,전통시장,패스트푸드점,137414682.75949368
2015,2,전통시장,한식음식점,765951820.8571428
2015,3,골목상권,분식전문점,117622862.65488811
2015,3,골목상권,양식음식점,243998780.75141242
2015,3,골목상권,일식음식점,154431676.34065935
2015,3,골목상권,중식음식점,123677232.4114114
2015,3,골목상권,치킨전문점,126031575.1006993
2015,3,골목상권,커피·음료,162079099.14482757
2015,3,골목상권,패스트푸드점,111354460.40935673
2015,3,골목상권,한식음식점,867838625.5877016
2015,3,관광특구,분식전문점,3648158865.3333335
2015,3,관광특구,양식음식점,9336356897.0
2015,3,관광특구,일식음식점,3278894548.8333335
2015,3,관광특구,중식음식점,2214101344.6666665
2015,3,관광특구,치킨전문점,1233159638.8333333
2015,3,관광특구,커피·음료,10691381699.0
2015,3,관광특구,패스트푸드점,2099302167.1666667
2015,3,관광특구,한식음식점,24610569157.833332
2015,3,발달상권,분식전문점,794356570.2583333
2015,3,발달상권,양식음식점,1248007965.138614
2015,3,발달상권,일식음식점,876359217.1516588
2015,3,발달상권,중식음식점,471196360.0235849
2015,3,발달상권,치킨전문점,473100000.28333336
2015,3,발달상권,커피·음료,1654321029.562753
2015,3,발달상권,패스트푸드점,509611393.32275134
2015,3,발달상권,한식음식점,5157585317.107142
2015,3,전통시장,분식전문점,129437364.18518518
2015,3,전통시장,양식음식점,293937256.48717946
2015,3,전통시장,일식음식점,123338958.77192983
2015,3,전통시장,중식음식점,77480865.72941177
2015,3,전통시장,치킨전문점,92436208.05172414
2015,3,전통시장,커피·음료,143687147.93965518
2015,3,전통시장,패스트푸드점,138064373.8961039
2015,3,전통시장,한식음식점,749815448.897561
2015,4,골목상권,분식전문점,127131326.71378505
2015,4,골목상권,양식음식점,246844469.80810812
2015,4,골목상권,일식음식점,177216264.02116403
2015,4,골목상권,중식음식점,136376135.13082707
2015,4,골목상권,치킨전문점,125763874.84733893
2015,4,골목상권,커피·음료,155219087.33371428
2015,4,골목상권,패스트푸드점,127627786.89514562
2015,4,골목상권,한식음식점,934801548.155242
2015,4,관광특구,분식전문점,4046414353.1666665
2015,4,관광특구,양식음식점,10049907908.666666
2015,4,관광특구,일식음식점,3847685127.6666665
2015,4,관광특구,중식음식점,2603091446.5
2015,4,관광특구,치킨전문점,1121434433.0
2015,4,관광특구,커피·음료,10382683877.166666
2015,4,관광특구,패스트푸드점,2017988413.8333333
2015,4,관광특구,한식음식점,28397109115.333332
2015,4,발달상권,분식전문점,852653626.7708334
2015,4,발달상권,양식음식점,1341604168.522388
2015,4,발달상권,일식음식점,1005859649.2238095
2015,4,발달상권,중식음식점,548997744.6542056
2015,4,발달상권,치킨전문점,454093795.9776536
2015,4,발달상권,커피·음료,1590130824.5748987
2015,4,발달상권,패스트푸드점,537181985.4444444
2015,4,발달상권,한식음식점,5804781128.752988
2015,4,전통시장,분식전문점,140749118.29447854
2015,4,전통시장,양식음식점,324304159.05263156
2015,4,전통시장,일식음식점,134726973.21666667
2015,4,전통시장,중식음식점,95614273.43902439
2015,4,전통시장,치킨전문점,90148627.00854701
2015,4,전통시장,커피·음료,142670231.81512606
2015,4,전통시장,패스트푸드점,149322182.03846154
2015,4,전통시장,한식음식점,834160680.6368159
2016,1,골목상권,분식전문점,109031495.67852907
2016,1,골목상권,양식음식점,231958289.46721312
2016,1,골목상권,일식음식점,161707501.44191918
2016,1,골목상권,중식음식점,134849857.46814814
2016,1,골목상권,치킨전문점,123793682.4883402
2016,1,골목상권,커피·음료,136703998.8164196
2016,1,골목상권,패스트푸드점,122788279.96917148
2016,1,골목상권,한식음식점,852789033.79112
2016,1,관광특구,분식전문점,3507165447.8333335
2016,1,관광특구,양식음식점,8441712844.166667
2016,1,관광특구,일식음식점,4320995958.5
2016,1,관광특구,중식음식점,2528113059.6666665
2016,1,관광특구,치킨전문점,1132849156.3333333
2016,1,관광특구,커피·음료,9044631073.833334
2016,1,관광특구,패스트푸드점,2281061615.6666665
2016,1,관광특구,한식음식점,27415626500.333332
2016,1,발달상권,분식전문점,800678749.6638298
2016,1,발달상권,양식음식점,1259175954.2871287
2016,1,발달상권,일식음식점,959098331.6901408
2016,1,발달상권,중식음식점,518293751.85714287
2016,1,발달상권,치킨전문점,439532442.74860334
2016,1,발달상권,커피·음료,1391319459.358871
2016,1,발달상권,패스트푸드점,529026460.81578946
2016,1,발달상권,한식음식점,5245939258.808765
2016,1,전통시장,분식전문점,128338151.46875
2016,1,전통시장,양식음식점,298823412.9285714
2016,1,전통시장,일식음식점,153114377.7142857
2016,1,전통시장,중식음식점,97626209.56626506
2016,1,전통시장,치킨전문점,89487771.33050847
2016,1,전통시장,커피·음료,135365597.93333334
2016,1,전통시장,패스트푸드점,166942012.98630136
2016,1,전통시장,한식음식점,787834442.075
2016,2,골목상권,분식전문점,120772242.10011779
2016,2,골목상권,양식음식점,247358984.3148148
2016,2,골목상권,일식음식점,172343384.22549018
2016,2,골목상권,중식음식점,137123794.61380324
2016,2,골목상권,치킨전문점,135207182.38166896
2016,2,골목상권,커피·음료,165216358.24802706
2016,2,골목상권,패스트푸드점,124743728.60652591
2016,2,골목상권,한식음식점,891614909.6508577
2016,2,관광특구,분식전문점,3532587302.5
2016,2,관광특구,양식음식점,8533088817.0
2016,2,관광특구,일식음식점,4169606055.1666665
2016,2,관광특구,중식음식점,2399588881.0
2016,2,관광특구,치킨전문점,1224191744.0
2016,2,관광특구,커피·음료,9790264873.666666
2016,2,관광특구,패스트푸드점,2188322511.0
2016,2,관광특구,한식음식점,26448170271.0
2016,2,발달상권,분식전문점,814004771.2085106
2016,2,발달상권,양식음식점,1227673341.1921182
2016,2,발달상권,일식음식점,958731742.8309859
2016,2,발달상권,중식음식점,492195206.6650943
2016,2,발달상권,치킨전문점,484624676.3426966
2016,2,발달상권,커피·음료,1533929149.1365461
2016,2,발달상권,패스트푸드점,524474230.80526316
2016,2,발달상권,한식음식점,5146276489.23506
2016,2,전통시장,분식전문점,135899182.91304347
2016,2,전통시장,양식음식점,287087024.25581396
2016,2,전통시장,일식음식점,157431130.546875
2016,2,전통시장,중식음식점,95286346.83908045
2016,2,전통시장,치킨전문점,98815028.48333333
2016,2,전통시장,커피·음료,164297458.1512605
2016,2,전통시장,패스트푸드점,159751707.1891892
2016,2,전통시장,한식음식점,804885592.0
2016,3,골목상권,분식전문점,119079073.61084905
2016,3,골목상권,양식음식점,238777723.46456692
2016,3,골목상권,일식음식점,156686859.00239235
2016,3,골목상권,중식음식점,144195518.7419355
2016,3,골목상권,치킨전문점,132882776.8527027
2016,3,골목상권,커피·음료,166942733.5151176
2016,3,골목상권,패스트푸드점,127684429.89292543
2016,3,골목상권,한식음식점,869030363.878147
2016,3,관광특구,분식전문점,3627532709.5
2016,3,관광특구,양식음식점,9039885644.333334
2016,3,관광특구,일식음식점,3844841257.5
2016,3,관광특구,중식음식점,2405691548.8333335
2016,3,관광특구,치킨전문점,1204471464.5
2016,3,관광특구,커피·음료,10077585504.0
2016,3,관광특구,패스트푸드점,2604603420.6666665
2016,3,관광특구,한식음식점,25950013274.0
2016,3,발달상권,분식전문점,831472227.6652542
2016,3,발달상권,양식음식점,1261645517.3676472
2016,3,발달상권,일식음식점,921567558.7605634
2016,3,발달상권,중식음식점,512779083.67772514
2016,3,발달상권,치킨전문점,469121649.03296703
2016,3,발달상권,커피·음료,1635276028.5943775
2016,3,발달상권,패스트푸드점,562694965.5947368
2016,3,발달상권,한식음식점,5120419533.099602
2016,3,전통시장,분식전문점,143460919.14814815
2016,3,전통시장,양식음식점,331349877.38095236
2016,3,전통시장,일식음식점,143388794.98412699
2016,3,전통시장,중식음식점,102156958.7159091
2016,3,전통시장,치킨전문점,100934863.475
2016,3,전통시장,커피·음료,179752320.1818182
2016,3,전통시장,패스트푸드점,184509466.55555555
2016,3,전통시장,한식음식점,777252702.2089552
2016,4,골목상권,분식전문점,128488079.43589744
2016,4,골목상권,양식음식점,267281036.50652742
2016,4,골목상권,일식음식점,178767260.18969554
2016,4,골목상권,중식음식점,158133398.7678832
2016,4,골목상권,치킨전문점,137906181.53052917
2016,4,골목상권,커피·음료,157032688.95100224
2016,4,골목상권,패스트푸드점,144684729.56332704
2016,4,골목상권,한식음식점,956848164.2008032
2016,4,관광특구,분식전문점,3892243436.1666665
2016,4,관광특구,양식음식점,9895797389.166666
2016,4,관광특구,일식음식점,4183514588.0
2016,4,관광특구,중식음식점,2613676859.3333335
2016,4,관광특구,치킨전문점,1167024501.8333333
2016,4,관광특구,커피·음료,9661547230.166666
2016,4,관광특구,패스트푸드점,3050173380.6666665
2016,4,관광특구,한식음식점,29876772614.166668
2016,4,발달상권,분식전문점,869578549.079832
2016,4,발달상권,양식음식점,1371541276.6995075
2016,4,발달상권,일식음식점,1029832085.9859155
2016,4,발달상권,중식음식점,585730313.731132
2016,4,발달상권,치킨전문점,466830316.2209945
2016,4,발달상권,커피·음료,1521895108.748
2016,4,발달상권,패스트푸드점,596324812.9421053
2016,4,발달상권,한식음식점,5814745905.964286
2016,4,전통시장,분식전문점,149591900.84472048
2016,4,전통시장,양식음식점,312033578.95454544
2016,4,전통시장,일식음식점,169798487.48387095
2016,4,전통시장,중식음식점,109296488.6590909
2016,4,전통시장,치킨전문점,102375641.95833333
2016,4,전통시장,커피·음료,159834390.31666666
2016,4,전통시장,패스트푸드점,196486147.5479452
2016,4,전통시장,한식음식점,869619065.0247525
2017,1,골목상권,분식전문점,121333173.37119438
2017,1,골목상권,양식음식점,255515170.35543767
2017,1,골목상권,일식음식점,173056648.96941176
2017,1,골목상권,중식음식점,159691701.18991098
2017,1,골목상권,치킨전문점,129169242.92213115
2017,1,골목상권,커피·음료,150044066.9698324
2017,1,골목상권,패스트푸드점,138072550.4647619
2017,1,골목상권,한식음식점,894602511.5522088
2017,1,관광특구,분식전문점,3711676395.5
2017,1,관광특구,양식음식점,8920907652.5
2017,1,관광특구,일식음식점,4104482342.1666665
2017,1,관광특구,중식음식점,2462744755.0
2017,1,관광특구,치킨전문점,1018388459.8333334
2017,1,관광특구,커피·음료,9127580314.666666
2017,1,관광특구,패스트푸드점,2637117064.1666665
2017,1,관광특구,한식음식점,27418765031.333332
2017,1,발달상권,분식전문점,844990273.7478992
2017,1,발달상권,양식음식점,1300778184.8762376
2017,1,발달상권,일식음식점,1018440778.9436619
2017,1,발달상권,중식음식점,574483864.4019139
2017,1,발달상권,치킨전문점,445266096.28333336
2017,1,발달상권,커피·음료,1479122420.1
2017,1,발달상권,패스트푸드점,583319310.0418848
2017,1,발달상권,한식음식점,5474646688.50996
2017,1,전통시장,분식전문점,144614101.9627329
2017,1,전통시장,양식음식점,318082447.46511626
2017,1,전통시장,일식음식점,192400212.72413793
2017,1,전통시장,중식음식점,116754206.22988506
2017,1,전통시장,치킨전문점,95307760.40495868
2017,1,전통시장,커피·음료,158301378.72881356
2017,1,전통시장,패스트푸드점,199671170.95774648
2017,1,전통시장,한식음식점,836800300.1182266
2017,2,골목상권,분식전문점,138565083.41813898
2017,2,골목상권,양식음식점,287449433.8912467
2017,2,골목상권,일식음식점,181951566.3904762
2017,2,골목상권,중식음식점,159994081.08579883
2017,2,골목상권,치킨전문점,144506119.05117565
2017,2,골목상권,커피·음료,186138916.88789237
2017,2,골목상권,패스트푸드점,145515186.24710426
2017,2,골목상권,한식음식점,950668544.5919598
2017,2,관광특구,분식전문점,3918633018.0
2017,2,관광특구,양식음식점,9270386887.666666
2017,2,관광특구,일식음식점,4006907261.3333335
2017,2,관광특구,중식음식점,2151015550.1666665
2017,2,관광특구,치킨전문점,1072203226.3333334
2017,2,관광특구,커피·음료,10354471107.666666
2017,2,관광특구,패스트푸드점,2917918057.3333335
2017,2,관광특구,한식음식점,26910588517.333332
2017,2,발달상권,분식전문점,887409347.5168067
2017,2,발달상권,양식음식점,1293408774.0348258
2017,2,발달상권,일식음식점,1007057970.492891
2017,2,발달상권,중식음식점,526530853.5809524
2017,2,발달상권,치킨전문점,486975624.5277778
2017,2,발달상권,커피·음료,1639059159.18
2017,2,발달상권,패스트푸드점,611252130.4736842
2017,2,발달상권,한식음식점,5361835356.380953
2017,2,전통시장,분식전문점,158813993.01863354
2017,2,전통시장,양식음식점,304422993.5777778
2017,2,전통시장,일식음식점,193753306.43103448
2017,2,전통시장,중식음식점,114378112.25287357
2017,2,전통시장,치킨전문점,110980307.82644628
2017,2,전통시장,커피·음료,187355575.20338982
2017,2,전통시장,패스트푸드점,208730009.15492958
2017,2,전통시장,한식음식점,903512100.0348259
2017,3,골목상권,분식전문점,139223613.20902613
2017,3,골목상권,양식음식점,287193448.5652174
2017,3,골목상권,일식음식점,178372190.03921568
2017,3,골목상권,중식음식점,160881200.94144145
2017,3,골목상권,치킨전문점,141556714.95416668
2017,3,골목상권,커피·음료,185756116.3457207
2017,3,골목상권,패스트푸드점,139028901.9392157
2017,3,골목상권,한식음식점,951504215.6676737
2017,3,관광특구,분식전문점,3926573367.3333335
2017,3,관광특구,양식음식점,9064231681.166666
2017,3,관광특구,일식음식점,3929392380.5
2017,3,관광특구,중식음식점,2143352339.1666667
2017,3,관광특구,치킨전문점,1287212978.8
2017,3,관광특구,커피·음료,10608621329.166666
2017,3,관광특구,패스트푸드점,2953330973.0
2017,3,관광특구,한식음식점,26840067605.833332
2017,3,발달상권,분식전문점,925841751.9033613
2017,3,발달상권,양식음식점,1359182585.241206
2017,3,발달상권,일식음식점,996868321.9282297
2017,3,발달상권,중식음식점,541075044.1004784
2017,3,발달상권,치킨전문점,498527989.1761364
2017,3,발달상권,커피·음료,1705746346.936
2017,3,발달상권,패스트푸드점,596408652.3121693
2017,3,발달상권,한식음식점,5438185921.551587
2017,3,전통시장,분식전문점,161907887.5625
2017,3,전통시장,양식음식점,299921478.12765956
2017,3,전통시장,일식음식점,190764122.68965518
2017,3,전통시장,중식음식점,115484932.69411765
2017,3,전통시장,치킨전문점,115879712.92372881
2017,3,전통시장,커피·음료,193117057.39130434
2017,3,전통시장,패스트푸드점,200285793.1971831
2017,3,전통시장,한식음식점,911403900.225
2017,4,골목상권,분식전문점,134581983.984375
2017,4,골목상권,양식음식점,285058228.9048913
2017,4,골목상권,일식음식점,185721663.57635468
2017,4,골목상권,중식음식점,168443126.16363636
2017,4,골목상권,치킨전문점,136962973.44662923
2017,4,골목상권,커피·음료,166515413.1451247
2017,4,골목상권,패스트푸드점,141875939.09018037
2017,4,골목상권,한식음식점,954785186.6975807
2017,4,관광특구,분식전문점,4401444021.666667
2017,4,관광특구,양식음식점,9450761333.166666
2017,4,관광특구,일식음식점,4033085745.8333335
2017,4,관광특구,중식음식점,2476529836.8333335
2017,4,관광특구,치킨전문점,1327277081.6
2017,4,관광특구,커피·음료,9686727644.833334
2017,4,관광특구,패스트푸드점,2764311678.3333335
2017,4,관광특구,한식음식점,29339083405.166668
2017,4,발달상권,분식전문점,925114810.772152
2017,4,발달상권,양식음식점,1374289601.745
2017,4,발달상권,일식음식점,1043302290.3798077
2017,4,발달상권,중식음식점,589538985.5865384
2017,4,발달상권,치킨전문점,451617308.79545456
2017,4,발달상권,커피·음료,1505998103.988
2017,4,발달상권,패스트푸드점,557213006.8723404
2017,4,발달상권,한식음식점,5693782947.41502
2017,4,전통시장,분식전문점,161490330.8
2017,4,전통시장,양식음식점,280909161.0212766
2017,4,전통시장,일식음식점,211902352.21052632
2017,4,전통시장,중식음식점,123623183.12941177
2017,4,전통시장,치킨전문점,109446470.94067797
2017,4,전통시장,커피·음료,166692891.32173914
2017,4,전통시장,패스트푸드점,200657217.05714285
2017,4,전통시장,한식음식점,945679699.75
2018,1,골목상권,분식전문점,128833900.19128329
2018,1,골목상권,양식음식점,259217215.20498616
2018,1,골목상권,일식음식점,173876353.98004988
2018,1,골목상권,중식음식점,165105833.1590214
2018,1,골목상권,치킨전문점,129012544.85553998
2018,1,골목상권,커피·음료,159492142.6355353
2018,1,골목상권,패스트푸드점,130263426.5942623
2018,1,골목상권,한식음식점,910640780.2939394
2018,1,관광특구,분식전문점,4125860942.1666665
2018,1,관광특구,양식음식점,8319621587.5
2018,1,관광특구,일식음식점,3666962649.3333335
2018,1,관광특구,중식음식점,2357041033.1666665
2018,1,관광특구,치킨전문점,1241077263.8
2018,1,관광특구,커피·음료,9377017870.166666
2018,1,관광특구,패스트푸드점,2754820259.8333335
2018,1,관광특구,한식음식점,26496385364.5
2018,1,발달상권,분식전문점,912225537.8595744
2018,1,발달상권,양식음식점,1308143980.435
2018,1,발달상권,일식음식점,1002826113.0144231
2018,1,발달상권,중식음식점,588316037.062802
2018,1,발달상권,치킨전문점,439722343.64772725
2018,1,발달상권,커피·음료,1494347891.9
2018,1,발달상권,패스트푸드점,550315696.8978494
2018,1,발달상권,한식음식점,5416799164.335968
2018,1,전통시장,분식전문점,158984036.95625
2018,1,전통시장,양식음식점,278832740.5319149
2018,1,전통시장,일식음식점,189078286.7017544
2018,1,전통시장,중식음식점,125970161.49397591
2018,1,전통시장,치킨전문점,115236654.15789473
2018,1,전통시장,커피·음료,169827387.2982456
2018,1,전통시장,패스트푸드점,190762771.92753622
2018,1,전통시장,한식음식점,911681417.195
2018,2,골목상권,분식전문점,151589705.12879708
2018,2,골목상권,양식음식점,293059216.50138503
2018,2,골목상권,일식음식점,189079346.18575063
2018,2,골목상권,중식음식점,170551361.80245024
2018,2,골목상권,치킨전문점,141568029.22676057
2018,2,골목상권,커피·음료,195439868.47488585
2018,2,골목상권,패스트푸드점,140529341.14435145
2018,2,골목상권,한식음식점,1002063991.0091001
2018,2,관광특구,분식전문점,4375154263.0
2018,2,관광특구,양식음식점,8758550301.333334
2018,2,관광특구,일식음식점,3558655607.8333335
2018,2,관광특구,중식음식점,2329097378.1666665
2018,2,관광특구,치킨전문점,1305933785.4
2018,2,관광특구,커피·음료,10553466513.833334
2018,2,관광특구,패스트푸드점,2865204289.3333335
2018,2,관광특구,한식음식점,27259209645.833332
2018,2,발달상권,분식전문점,956229139.3177966
2018,2,발달상권,양식음식점,1320165294.115
2018,2,발달상권,일식음식점,1032056932.0625
2018,2,발달상권,중식음식점,577815082.3414634
2018,2,발달상권,치킨전문점,489060736.14942527
2018,2,발달상권,커피·음료,1681111634.108
2018,2,발달상권,패스트푸드점,604716845.7081081
2018,2,발달상권,한식음식점,5528459319.920949
2018,2,전통시장,분식전문점,182009616.575
2018,2,전통시장,양식음식점,281456095.82978725
2018,2,전통시장,일식음식점,195210243.03448275
2018,2,전통시장,중식음식점,127297170.53012048
2018,2,전통시장,치킨전문점,131874573.15929204
2018,2,전통시장,커피·음료,198347864.1140351
2018,2,전통시장,패스트푸드점,176831664.39130434
2018,2,전통시장,한식음식점,993280710.0301508
2018,3,골목상권,분식전문점,147700293.9877451
2018,3,골목상권,양식음식점,274182688.7050562
2018,3,골목상권,일식음식점,176801254.14211887
2018,3,골목상권,중식음식점,173777341.31104198
2018,3,골목상권,치킨전문점,137271616.76108727
2018,3,골목상권,커피·음료,187461562.4041096
2018,3,골목상권,패스트푸드점,135952384.4968017
2018,3,골목상권,한식음식점,981070179.7925102
2018,3,관광특구,분식전문점,4467946614.666667
2018,3,관광특구,양식음식점,8573598954.666667
2018,3,관광특구,일식음식점,3392676030.0
2018,3,관광특구,중식음식점,2347040843.0
2018,3,관광특구,치킨전문점,1291280846.4
2018,3,관광특구,커피·음료,10726290791.833334
2018,3,관광특구,패스트푸드점,3035058817.0
2018,3,관광특구,한식음식점,26935924064.666668
2018,3,발달상권,분식전문점,962493306.3702128
2018,3,발달상권,양식음식점,1311524384.7839196
2018,3,발달상권,일식음식점,994012939.946602
2018,3,발달상권,중식음식점,592230329.6666666
2018,3,발달상권,치킨전문점,480155936.5606936
2018,3,발달상권,커피·음료,1736755590.008
2018,3,발달상권,패스트푸드점,632014395.3934426
2018,3,발달상권,한식음식점,5451780208.335968
2018,3,전통시장,분식전문점,181978034.67701864
2018,3,전통시장,양식음식점,291421892.26666665
2018,3,전통시장,일식음식점,184926571.08620688
2018,3,전통시장,중식음식점,136560090.65853658
2018,3,전통시장,치킨전문점,126426322.08771929
2018,3,전통시장,커피·음료,199560641.45132744
2018,3,전통시장,패스트푸드점,189080469.2238806
2018,3,전통시장,한식음식점,959788500.1809045
2018,4,골목상권,분식전문점,154846137.76277372
2018,4,골목상권,양식음식점,304815359.91477275
2018,4,골목상권,일식음식점,241330863.12565446
2018,4,골목상권,중식음식점,179871186.3578125
2018,4,골목상권,치킨전문점,126200437.05627705
2018,4,골목상권,커피·음료,180346112.1084475
2018,4,골목상권,패스트푸드점,141229930.1631356
2018,4,골목상권,한식음식점,1045242787.231547
2018,4,관광특구,분식전문점,5036677443.166667
2018,4,관광특구,양식음식점,9213672547.5
2018,4,관광특구,일식음식점,4683254958.166667
2018,4,관광특구,중식음식점,2754089051.1666665
2018,4,관광특구,치킨전문점,1131103008.0
2018,4,관광특구,커피·음료,10576295694.333334
2018,4,관광특구,패스트푸드점,2886794428.1666665
2018,4,관광특구,한식음식점,31207762078.333332
2018,4,발달상권,분식전문점,1061477916.4358975
2018,4,발달상권,양식음식점,1452685544.132653
2018,4,발달상권,일식음식점,1378142615.4466019
2018,4,발달상권,중식음식점,653468003.8817734
2018,4,발달상권,치킨전문점,440099563.0406977
2018,4,발달상권,커피·음료,1677030666.6626506
2018,4,발달상권,패스트푸드점,626265094.3715847
2018,4,발달상권,한식음식점,6051465709.952191
2018,4,전통시장,분식전문점,191266640.27044025
2018,4,전통시장,양식음식점,293922347.8666667
2018,4,전통시장,일식음식점,241797818.92982456
2018,4,전통시장,중식음식점,139236600.7142857
2018,4,전통시장,치킨전문점,118246117.07894737
2018,4,전통시장,커피·음료,177157955.21052632
2018,4,전통시장,패스트푸드점,177733153.0597015
2018,4,전통시장,한식음식점,1038380130.735
2019,1,골목상권,분식전문점,137116638.9581152
2019,1,골목상권,양식음식점,246281156.20689654
2019,1,골목상권,일식음식점,163780840.57348704
2019,1,골목상권,중식음식점,155131619.8872054
2019,1,골목상권,치킨전문점,109449604.33895706
2019,1,골목상권,커피·음료,151572621.7047059
2019,1,골목상권,패스트푸드점,116982872.98617512
2019,1,골목상권,한식음식점,895136294.0386965
2019,1,관광특구,분식전문점,5861238887.333333
2019,1,관광특구,양식음식점,6516432217.666667
2019,1,관광특구,일식음식점,2836422748.8333335
2019,1,관광특구,중식음식점,2445187811.3333335
2019,1,관광특구,치킨전문점,1027534878.2
2019,1,관광특구,커피·음료,7460744585.166667
2019,1,관광특구,패스트푸드점,2265082228.8333335
2019,1,관광특구,한식음식점,28113055471.666668
2019,1,발달상권,분식전문점,981800186.8663793
2019,1,발달상권,양식음식점,1046676950.8579235
2019,1,발달상권,일식음식점,825838104.7222222
2019,1,발달상권,중식음식점,560595421.7939699
2019,1,발달상권,치킨전문점,373032939.79881656
2019,1,발달상권,커피·음료,1345945660.5853658
2019,1,발달상권,패스트푸드점,519702131.5352941
2019,1,발달상권,한식음식점,5289449857.136546
2019,1,전통시장,분식전문점,165157636.8310811
2019,1,전통시장,양식음식점,278902581.6388889
2019,1,전통시장,일식음식점,164399151.27659574
2019,1,전통시장,중식음식점,130871093.78481013
2019,1,전통시장,치킨전문점,111889611.0
2019,1,전통시장,커피·음료,139533029.25925925
2019,1,전통시장,패스트푸드점,180017925.15873015
2019,1,전통시장,한식음식점,982069051.4336735
2019,2,골목상권,분식전문점,139039829.34274194
2019,2,골목상권,양식음식점,252945872.0467626
2019,2,골목상권,일식음식점,159258662.63939393
2019,2,골목상권,중식음식점,154265649.48816028
2019,2,골목상권,치킨전문점,105277023.66134185
2019,2,골목상권,커피·음료,156519891.93413174
2019,2,골목상권,패스트푸드점,119073091.43028846
2019,2,골목상권,한식음식점,859930002.9172626
2019,2,관광특구,분식전문점,5378569897.166667
2019,2,관광특구,양식음식점,5892118114.0
2019,2,관광특구,일식음식점,2628549042.6666665
2019,2,관광특구,중식음식점,2264544087.1666665
2019,2,관광특구,치킨전문점,970057725.0
2019,2,관광특구,커피·음료,7236481003.833333
2019,2,관광특구,패스트푸드점,2242997670.5
2019,2,관광특구,한식음식점,25706393844.0
2019,2,발달상권,분식전문점,905324648.7391304
2019,2,발달상권,양식음식점,943834636.2865169
2019,2,발달상권,일식음식점,759243363.2030457
2019,2,발달상권,중식음식점,502987546.8556701
2019,2,발달상권,치킨전문점,356678358.7185629
2019,2,발달상권,커피·음료,1300865424.1788619
2019,2,발달상권,패스트푸드점,507269031.90588236
2019,2,발달상권,한식음식점,4787689800.473896
2019,2,전통시장,분식전문점,172617491.7847222
2019,2,전통시장,양식음식점,249720051.0
2019,2,전통시장,일식음식점,183928023.46341464
2019,2,전통시장,중식음식점,121550355.02702703
2019,2,전통시장,치킨전문점,108084383.63541667
2019,2,전통시장,커피·음료,149657665.45714286
2019,2,전통시장,패스트푸드점,169119003.33333334
2019,2,전통시장,한식음식점,911160853.7230769
